xn,xn1,error
3,2.26368,0.736317
2.26368,1.72645,0.53723
1.72645,1.3498,0.376656
1.3498,1.11098,0.238816
1.11098,0.994182,0.116799
0.994182,0.96427,0.0299126
0.96427,0.962405,0.00186431
0.962405,0.962398,7.00176e-06
0.962398,0.962398,9.85148e-11
